{"cameraMode":{"drawMode":0,"name":"Shaded","section":"Shading Mode"},"sceneLighting":true,"audioPlay":false,"sceneViewState":{"m_AlwaysRefresh":false,"showFog":true,"showSkybox":true,"showFlares":true,"showImageEffects":true,"showParticleSystems":true,"showVisualEffectGraphs":true,"m_FxEnabled":true},"in2DMode":false,"pivot":{"x":0.008833527565002442,"y":0.8157815933227539,"z":-0.02239048480987549},"rotation":{"x":-0.3421294093132019,"y":-0.22598497569561006,"z":0.08514119684696198,"w":-0.9080914258956909},"size":2.502209424972534,"orthographic":false}